"0","paste0(main_path,base_names)
"
"1","[1]"
"1"," ""https://github.com/higgi13425/medicaldata/raw/master/data-raw/messy_data/messy_infarct.xlsx"""
"1","
"
"1","[2]"
"1"," ""https://github.com/higgi13425/medicaldata/raw/master/data-raw/messy_data/messy_glucose.xlsx"""
"1","
"
"1","[3]"
"1"," ""https://github.com/higgi13425/medicaldata/raw/master/data-raw/messy_data/messy_aki.xlsx""    "
"1","
"
"1","[4]"
"1"," ""https://github.com/higgi13425/medicaldata/raw/master/data-raw/messy_data/messy_bp.xlsx""     "
"1","
"
